<?xml version='1.0' encoding='UTF-8'?>
<data>
	<row>
		<title>Cours de français</title>
		<fromDate>10.01.2011</fromDate>
		<toDate>10.12.2011</toDate>
		<dayOfTheWeek>0</dayOfTheWeek> <!-- 0 = lundi,1= mardi ,... 6 = dimanche. -->
		<begin>08:00</begin>
		<end>12:00</end>
		<professeur>M.ASSAAD Moustapha</professeur>
		<extension>06-401821</extension>
		<lieu>ESIB - ED20</lieu>
		<longitude>35.830723</longitude>
		<latitude>34.401024</latitude>
	</row>
	<row>
		<title>Evenement ponctuel</title>
		<fromDate>03.08.2011</fromDate>
		<toDate>03.08.2011</toDate>
		<dayOfTheWeek>2</dayOfTheWeek>
		<begin>07:00</begin>
		<end>08:00</end>
		<professeur>M.ASSAAD Moustapha</professeur>
		<extension>06-401821</extension>
		<lieu>ESIB - ED20</lieu>
		<longitude>35.830723</longitude>
		<latitude>34.401024</latitude>
	</row>
	<row>
		<title>Cours de math</title>
		<fromDate>10.01.2011</fromDate>
		<toDate>10.12.2011</toDate>
		<dayOfTheWeek>0</dayOfTheWeek>
		<begin>13:00</begin>
		<end>16:00</end>
		<professeur>M.ASSAAD Moustapha</professeur>
		<extension>06-401821</extension>
		<email>massaad@usj.edu.lb</email>
		<lieu>ESIB - ED20</lieu>
		<longitude>35.830723</longitude>
		<latitude>34.401024</latitude>
	</row>
	<row>
		<title>Cours d'anglais</title>
		<fromDate>10.01.2011</fromDate>
		<toDate>10.12.2011</toDate>
		<dayOfTheWeek>1</dayOfTheWeek>
		<begin>07:30</begin>
		<end>10:30</end>
		<professeur>M.ASSAAD Moustapha</professeur>
		<extension>06-401821</extension>
		<lieu>ESIB - ED20</lieu>
		<longitude>35.830723</longitude>
		<latitude>34.401024</latitude>
	</row>
	<row>
		<title>Physique 1</title>
		<fromDate>10.01.2011</fromDate>
		<toDate>10.12.2011</toDate>
		<dayOfTheWeek>2</dayOfTheWeek>
		<begin>07:30</begin>
		<end>10:30</end>
		<professeur>M.ASSAAD Moustapha</professeur>
		<extension>06-401821</extension>
		<lieu>ESIB - ED20</lieu>
		<longitude>35.830723</longitude>
		<latitude>34.401024</latitude>
	</row>
	<row>
		<title>Histoire </title>
		<fromDate>10.01.2011</fromDate>
		<toDate>10.12.2011</toDate>
		<dayOfTheWeek>2</dayOfTheWeek>
		<begin>10:30</begin>
		<end>12:30</end>
		<professeur>M.ASSAAD Moustapha</professeur>
		<extension>06-401821</extension>
		<lieu>ESIB - ED20</lieu>
		<longitude>35.830723</longitude>
		<latitude>34.401024</latitude>
	</row>
	<row>
		<title>Musique 2</title>
		<fromDate>10.01.2011</fromDate>
		<toDate>10.12.2011</toDate>
		<dayOfTheWeek>3</dayOfTheWeek>
		<begin>17:30</begin>
		<end>19:30</end>
		<professeur>M.ASSAAD Moustapha</professeur>
		<extension>06-401821</extension>
		<lieu>ESIB - ED20</lieu>
		<longitude>35.830723</longitude>
		<latitude>34.401024</latitude>
	</row>
	<row>
		<title>Sport</title>
		<fromDate>10.01.2011</fromDate>
		<toDate>10.12.2011</toDate>
		<dayOfTheWeek>4</dayOfTheWeek>
		<begin>17:30</begin>
		<end>19:30</end>
		<professeur>M.ASSAAD Moustapha</professeur>
		<extension>06-401821</extension>
		<lieu>ESIB - ED20</lieu>
		<longitude>35.830723</longitude>
		<latitude>34.401024</latitude>
	</row>
</data>